#商品名,商品タイプ,取引日,前日清算価格,始値,高値,安値,終値,当日清算価格,前日比,スワップポイント,取引数量,建玉数量
USD/JPY,U.S. Dollar-Japanese Yen,2021/11/01,113.98,114.145,114.46,113.925,114,114,0.02,8,24,775,394,819
USD/JPY,U.S. Dollar-Japanese Yen,2021/11/02,114,114.025,114.15,113.455,113.945,113.945,-0.055,,27,292,390,705
USD/JPY,U.S. Dollar-Japanese Yen,2021/11/03,113.945,113.945,114.205,113.705,114.005,114.005,0.06,19,15,533,391,102
USD/JPY,U.S. Dollar-Japanese Yen,2021/11/04,114.005,113.98,114.28,113.5,113.775,113.755,-0.25,6,22,027,388,179
USD/JPY,U.S. Dollar-Japanese Yen,2021/11/05,113.755,113.77,114.035,113.29,113.35,113.335,-0.42,6,29,144,387,123
USD/JPY,U.S. Dollar-Japanese Yen,2021/11/08,113.335,113.39,113.675,113.07,113.235,113.235,-0.1,11,22,970,384,041
USD/JPY,U.S. Dollar-Japanese Yen,2021/11/09,113.235,113.275,113.3,112.715,112.86,112.88,-0.355,,25,096,381,305
USD/JPY,U.S. Dollar-Japanese Yen,2021/11/10,112.88,112.915,114.005,112.765,113.89,113.89,1.01,18,30,978,380,225
USD/JPY,U.S. Dollar-Japanese Yen,2021/11/11,113.89,113.89,114.17,113.795,114.075,114.075,0.185,8,18,700,381,320
USD/JPY,U.S. Dollar-Japanese Yen,2021/11/12,114.075,114.075,114.315,113.75,113.88,113.88,-0.195,6,21,767,379,953
USD/JPY,U.S. Dollar-Japanese Yen,2021/11/15,113.88,113.975,114.215,113.745,114.125,114.125,0.245,5,11,517,379,892
USD/JPY,U.S. Dollar-Japanese Yen,2021/11/16,114.125,114.115,114.865,114.1,114.845,114.845,0.72,6,30,050,383,230
USD/JPY,U.S. Dollar-Japanese Yen,2021/11/17,114.845,114.84,114.98,113.925,114.115,114.115,-0.73,15,33,644,381,774
USD/JPY,U.S. Dollar-Japanese Yen,2021/11/18,114.115,114.16,114.5,113.875,114.255,114.255,0.14,13,20,700,381,306
USD/JPY,U.S. Dollar-Japanese Yen,2021/11/19,114.255,114.24,114.555,113.585,114.01,114.01,-0.245,15,45,016,377,051
USD/JPY,U.S. Dollar-Japanese Yen,2021/11/22,114.01,113.97,114.97,113.925,114.88,114.88,0.87,,43,948,380,874
USD/JPY,U.S. Dollar-Japanese Yen,2021/11/23,114.88,114.85,115.205,114.45,115.145,115.145,0.265,,46,370,383,841
USD/JPY,U.S. Dollar-Japanese Yen,2021/11/24,115.145,115.12,115.53,114.82,115.405,115.405,0.26,20,34,989,386,748
USD/JPY,U.S. Dollar-Japanese Yen,2021/11/25,115.405,115.405,115.47,115.23,115.335,115.335,-0.07,8,10,705,386,445
USD/JPY,U.S. Dollar-Japanese Yen,2021/11/26,115.335,115.365,115.365,113.035,113.195,113.195,-2.14,8,109,994,372,767
USD/JPY,U.S. Dollar-Japanese Yen,2021/11/29,113.195,113.535,113.965,112.985,113.56,113.54,0.345,7,35,089,372,587
USD/JPY,U.S. Dollar-Japanese Yen,2021/11/30,113.54,113.63,113.905,112.525,113.15,113.15,-0.39,6,54,566,365,918
USD/JPY,U.S. Dollar-Japanese Yen,2021/12/01,113.15,113.205,113.63,112.67,112.775,112.775,-0.375,11,31,830,364,401
USD/JPY,U.S. Dollar-Japanese Yen,2021/12/02,112.775,112.8,113.32,112.69,113.21,113.19,0.415,6,19,631,364,795
USD/JPY,U.S. Dollar-Japanese Yen,2021/12/03,113.19,113.23,113.62,112.555,112.795,112.77,-0.42,7,36,938,363,353
USD/JPY,U.S. Dollar-Japanese Yen,2021/12/06,112.77,112.885,113.565,112.84,113.485,113.485,0.715,7,18,703,365,603
USD/JPY,U.S. Dollar-Japanese Yen,2021/12/07,113.485,113.51,113.79,113.4,113.55,113.55,0.065,7,17,784,367,492
USD/JPY,U.S. Dollar-Japanese Yen,2021/12/08,113.55,113.585,113.965,113.3,113.71,113.71,0.16,19,25,768,367,227
USD/JPY,U.S. Dollar-Japanese Yen,2021/12/09,113.71,113.76,113.825,113.26,113.475,113.475,-0.235,8,15,692,366,827
USD/JPY,U.S. Dollar-Japanese Yen,2021/12/10,113.475,113.48,113.8,113.24,113.435,113.435,-0.04,8,19,618,364,746
USD/JPY,U.S. Dollar-Japanese Yen,2021/12/13,113.435,113.405,113.735,113.315,113.595,113.595,0.16,8,15,409,365,215
USD/JPY,U.S. Dollar-Japanese Yen,2021/12/14,113.595,113.58,113.77,113.415,113.735,113.755,0.16,7,12,464,366,060
USD/JPY,U.S. Dollar-Japanese Yen,2021/12/15,113.755,113.725,114.275,113.615,114.06,114.06,0.305,21,20,386,367,707
USD/JPY,U.S. Dollar-Japanese Yen,2021/12/16,114.06,114.075,114.255,113.545,113.7,113.7,-0.36,8,24,022,365,930
USD/JPY,U.S. Dollar-Japanese Yen,2021/12/17,113.7,113.745,113.865,113.135,113.73,113.73,0.03,8,22,361,364,439
USD/JPY,U.S. Dollar-Japanese Yen,2021/12/20,113.73,113.73,113.745,113.32,113.61,113.61,-0.12,8,13,109,364,705
USD/JPY,U.S. Dollar-Japanese Yen,2021/12/21,113.61,113.665,114.225,113.555,114.085,114.085,0.475,7,23,075,366,967
USD/JPY,U.S. Dollar-Japanese Yen,2021/12/22,114.085,114.1,114.38,113.935,114.135,114.135,0.05,23,20,356,369,532
USD/JPY,U.S. Dollar-Japanese Yen,2021/12/23,114.135,114.135,114.48,114.08,114.43,114.43,0.295,9,12,004,370,132
USD/JPY,U.S. Dollar-Japanese Yen,2021/12/24,114.43,114.445,114.53,114.29,114.35,114.35,-0.08,12,8,235,371,018
USD/JPY,U.S. Dollar-Japanese Yen,2021/12/27,114.35,114.4,114.925,114.3,114.875,114.875,0.525,11,21,042,372,944
USD/JPY,U.S. Dollar-Japanese Yen,2021/12/28,114.875,114.905,114.955,114.7,114.84,114.82,-0.055,148,13,110,372,610
USD/JPY,U.S. Dollar-Japanese Yen,2021/12/29,114.82,114.825,115.05,114.66,114.97,114.97,0.15,16,14,244,374,048
USD/JPY,U.S. Dollar-Japanese Yen,2021/12/30,114.97,114.985,115.22,114.93,115.085,115.085,0.115,,12,777,374,105
USD/JPY,U.S. Dollar-Japanese Yen,2021/12/31,115.085,115.08,115.21,114.99,115.085,115.085,,,7,442,373,916
USD/JPY,U.S. Dollar-Japanese Yen,2022/01/03,115.085,115.02,115.375,114.95,115.37,115.37,0.285,13,18,332,375,351
USD/JPY,U.S. Dollar-Japanese Yen,2022/01/04,115.37,115.36,116.36,115.28,116.16,116.16,0.79,8,44,743,381,554
USD/JPY,U.S. Dollar-Japanese Yen,2022/01/05,116.16,116.16,116.255,115.61,116.135,116.115,-0.045,30,22,791,380,895
USD/JPY,U.S. Dollar-Japanese Yen,2022/01/06,116.115,116.15,116.2,115.64,115.84,115.84,-0.275,9,23,940,379,752
USD/JPY,U.S. Dollar-Japanese Yen,2022/01/07,115.84,115.865,116.035,115.535,115.58,115.56,-0.28,,15,231,378,726
USD/JPY,U.S. Dollar-Japanese Yen,2022/01/10,115.56,115.6,115.855,115.03,115.225,115.225,-0.335,12,21,359,376,160
USD/JPY,U.S. Dollar-Japanese Yen,2022/01/11,115.225,115.21,115.69,115.13,115.305,115.305,0.08,10,18,094,375,088
USD/JPY,U.S. Dollar-Japanese Yen,2022/01/12,115.305,115.335,115.475,114.37,114.655,114.655,-0.65,32,33,200,369,072
USD/JPY,U.S. Dollar-Japanese Yen,2022/01/13,114.655,114.7,114.72,113.99,114.155,114.155,-0.5,,35,609,364,672
USD/JPY,U.S. Dollar-Japanese Yen,2022/01/14,114.155,114.205,114.245,113.47,114.18,114.18,0.025,10,39,011,360,293
USD/JPY,U.S. Dollar-Japanese Yen,2022/01/17,114.18,114.2,114.655,114.15,114.615,114.615,0.435,11,19,277,361,239
USD/JPY,U.S. Dollar-Japanese Yen,2022/01/18,114.615,114.62,115.07,114.445,114.62,114.585,-0.03,11,24,393,361,690
USD/JPY,U.S. Dollar-Japanese Yen,2022/01/19,114.585,114.585,114.805,114.2,114.325,114.325,-0.26,27,13,728,360,732
USD/JPY,U.S. Dollar-Japanese Yen,2022/01/20,114.325,114.345,114.55,113.95,114.125,114.125,-0.2,10,16,885,360,004
USD/JPY,U.S. Dollar-Japanese Yen,2022/01/21,114.125,114.115,114.135,113.6,113.665,113.665,-0.46,11,27,391,358,832
USD/JPY,U.S. Dollar-Japanese Yen,2022/01/24,113.665,113.7,114.015,113.455,113.955,113.975,0.31,12,22,801,360,069
USD/JPY,U.S. Dollar-Japanese Yen,2022/01/25,113.975,113.96,114.16,113.66,113.865,113.865,-0.11,11,15,775,359,924
USD/JPY,U.S. Dollar-Japanese Yen,2022/01/26,113.865,113.855,114.705,113.78,114.68,114.68,0.815,27,22,390,362,280
USD/JPY,U.S. Dollar-Japanese Yen,2022/01/27,114.68,114.68,115.5,114.46,115.385,115.385,0.705,13,48,422,366,635
USD/JPY,U.S. Dollar-Japanese Yen,2022/01/28,115.385,115.335,115.7,115.11,115.225,115.225,-0.16,10,24,842,367,633
USD/JPY,U.S. Dollar-Japanese Yen,2022/01/31,115.225,115.315,115.605,114.93,115.11,115.11,-0.115,10,14,097,367,035
USD/JPY,U.S. Dollar-Japanese Yen,2022/02/01,115.11,115.125,115.205,114.555,114.7,114.7,-0.41,9,17,306,365,055
USD/JPY,U.S. Dollar-Japanese Yen,2022/02/02,114.7,114.715,114.82,114.16,114.42,114.42,-0.28,24,19,296,363,181
USD/JPY,U.S. Dollar-Japanese Yen,2022/02/03,114.42,114.43,115,114.315,114.995,114.995,0.575,9,18,005,365,099
USD/JPY,U.S. Dollar-Japanese Yen,2022/02/04,114.995,114.955,115.44,114.79,115.205,115.205,0.21,10,26,626,367,640
USD/JPY,U.S. Dollar-Japanese Yen,2022/02/07,115.205,115.3,115.385,114.9,115.075,115.095,-0.11,10,11,208,367,083
USD/JPY,U.S. Dollar-Japanese Yen,2022/02/08,115.095,115.105,115.63,115.045,115.525,115.55,0.455,35,16,880,370,507
USD/JPY,U.S. Dollar-Japanese Yen,2022/02/09,115.55,115.54,115.71,115.31,115.56,115.56,0.01,11,9,559,369,504
USD/JPY,U.S. Dollar-Japanese Yen,2022/02/10,115.56,115.55,116.35,115.47,115.975,116,0.44,,42,208,373,038
USD/JPY,U.S. Dollar-Japanese Yen,2022/02/11,116,116.025,116.18,115,115.27,115.295,-0.705,15,26,170,370,288
USD/JPY,U.S. Dollar-Japanese Yen,2022/02/14,115.295,115.43,115.75,115,115.555,115.555,0.26,11,25,825,370,073
USD/JPY,U.S. Dollar-Japanese Yen,2022/02/15,115.555,115.565,115.875,115.245,115.625,115.625,0.07,9,18,152,370,254
USD/JPY,U.S. Dollar-Japanese Yen,2022/02/16,115.625,115.625,115.795,115.345,115.465,115.465,-0.16,31,10,881,369,472
USD/JPY,U.S. Dollar-Japanese Yen,2022/02/17,115.465,115.485,115.545,114.84,114.95,114.95,-0.515,,28,656,366,941
USD/JPY,U.S. Dollar-Japanese Yen,2022/02/18,114.95,114.96,115.31,114.775,115.09,115.09,0.14,22,13,620,367,235
USD/JPY,U.S. Dollar-Japanese Yen,2022/02/21,115.09,115.055,115.12,114.705,114.775,114.755,-0.335,11,11,480,365,650
USD/JPY,U.S. Dollar-Japanese Yen,2022/02/22,114.755,114.72,115.25,114.49,115.08,115.08,0.325,,24,049,366,356
USD/JPY,U.S. Dollar-Japanese Yen,2022/02/23,115.08,115.035,115.21,114.92,115.04,115.04,-0.04,31,7,878,365,822
USD/JPY,U.S. Dollar-Japanese Yen,2022/02/24,115.04,114.975,115.7,114.4,115.52,115.52,0.48,24,44,004,368,613
USD/JPY,U.S. Dollar-Japanese Yen,2022/02/25,115.52,115.51,115.775,115.145,115.545,115.545,0.025,14,21,234,369,331
USD/JPY,U.S. Dollar-Japanese Yen,2022/02/28,115.545,115.605,115.805,114.865,114.98,114.96,-0.585,21,25,163,365,793
USD/JPY,U.S. Dollar-Japanese Yen,2022/03/01,114.96,115.01,115.305,114.69,114.91,114.91,-0.05,12,23,259,362,824
USD/JPY,U.S. Dollar-Japanese Yen,2022/03/02,114.91,114.91,115.7,114.795,115.495,115.495,0.585,13,22,928,365,418
USD/JPY,U.S. Dollar-Japanese Yen,2022/03/03,115.495,115.54,115.815,115.4,115.47,115.47,-0.025,10,16,983,367,741
USD/JPY,U.S. Dollar-Japanese Yen,2022/03/04,115.47,115.485,115.56,114.65,114.83,114.83,-0.64,15,31,350,361,838
USD/JPY,U.S. Dollar-Japanese Yen,2022/03/07,114.83,114.91,115.485,114.82,115.305,115.305,0.475,8,20,285,362,956
USD/JPY,U.S. Dollar-Japanese Yen,2022/03/08,115.305,115.315,115.8,115.27,115.65,115.65,0.345,8,21,559,366,506
USD/JPY,U.S. Dollar-Japanese Yen,2022/03/09,115.65,115.685,115.955,115.565,115.845,115.845,0.195,14,21,236,368,048
USD/JPY,U.S. Dollar-Japanese Yen,2022/03/10,115.845,115.855,116.205,115.81,116.145,116.145,0.3,11,27,274,370,969
USD/JPY,U.S. Dollar-Japanese Yen,2022/03/11,116.145,116.115,117.36,116.115,117.235,117.235,1.09,9,59,012,381,762
USD/JPY,U.S. Dollar-Japanese Yen,2022/03/14,117.235,117.35,118.23,117.32,118.215,118.2,0.965,9,49,644,383,597
USD/JPY,U.S. Dollar-Japanese Yen,2022/03/15,118.2,118.18,118.465,117.7,118.32,118.285,0.085,16,46,132,383,887
USD/JPY,U.S. Dollar-Japanese Yen,2022/03/16,118.285,118.32,119.13,118.16,118.78,118.78,0.495,62,40,566,389,636
USD/JPY,U.S. Dollar-Japanese Yen,2022/03/17,118.78,118.78,119.04,118.365,118.615,118.615,-0.165,19,29,198,387,285
USD/JPY,U.S. Dollar-Japanese Yen,2022/03/18,118.615,118.63,119.41,118.46,119.15,119.13,0.515,,33,002,389,133
USD/JPY,U.S. Dollar-Japanese Yen,2022/03/21,119.13,119.175,119.52,119.09,119.505,119.485,0.355,21,17,684,388,219
USD/JPY,U.S. Dollar-Japanese Yen,2022/03/22,119.485,119.485,121.05,119.42,120.835,120.835,1.35,21,74,763,387,486
USD/JPY,U.S. Dollar-Japanese Yen,2022/03/23,120.835,120.85,121.415,120.58,121.16,121.16,0.325,56,42,018,385,819
USD/JPY,U.S. Dollar-Japanese Yen,2022/03/24,121.16,121.15,122.425,120.94,122.37,122.37,1.21,21,52,576,385,195
USD/JPY,U.S. Dollar-Japanese Yen,2022/03/25,122.37,122.36,122.45,121.165,122.135,122.135,-0.235,26,49,360,384,147
USD/JPY,U.S. Dollar-Japanese Yen,2022/03/28,122.135,122.19,125.105,122.13,123.91,123.91,1.775,24,122,534,381,930
USD/JPY,U.S. Dollar-Japanese Yen,2022/03/29,123.91,123.905,124.325,122,122.905,122.885,-1.025,37,71,438,380,273
USD/JPY,U.S. Dollar-Japanese Yen,2022/03/30,122.885,122.905,123.2,121.3,121.85,121.825,-1.06,65,55,048,380,483
USD/JPY,U.S. Dollar-Japanese Yen,2022/03/31,121.825,121.85,122.46,121.27,121.73,121.71,-0.115,21,38,946,377,991
USD/JPY,U.S. Dollar-Japanese Yen,2022/04/01,121.71,121.7,123.045,121.68,122.57,122.54,0.83,21,38,612,380,983
USD/JPY,U.S. Dollar-Japanese Yen,2022/04/04,122.54,122.705,122.96,122.275,122.75,122.75,0.21,22,21,102,380,119
USD/JPY,U.S. Dollar-Japanese Yen,2022/04/05,122.75,122.78,123.67,122.38,123.585,123.585,0.835,20,45,862,382,320
USD/JPY,U.S. Dollar-Japanese Yen,2022/04/06,123.585,123.615,124.06,123.43,123.805,123.785,0.2,59,44,253,382,452
USD/JPY,U.S. Dollar-Japanese Yen,2022/04/07,123.785,123.82,124.015,123.48,123.98,123.98,0.195,23,20,786,382,386
USD/JPY,U.S. Dollar-Japanese Yen,2022/04/08,123.98,123.99,124.69,123.66,124.34,124.34,0.36,27,41,173,382,309
USD/JPY,U.S. Dollar-Japanese Yen,2022/04/11,124.34,124.37,125.785,124.29,125.405,125.405,1.065,23,72,499,383,227
USD/JPY,U.S. Dollar-Japanese Yen,2022/04/12,125.405,125.42,125.765,124.75,125.4,125.4,-0.005,20,52,348,381,481
USD/JPY,U.S. Dollar-Japanese Yen,2022/04/13,125.4,125.41,126.315,125.335,125.68,125.68,0.28,54,60,749,381,803
USD/JPY,U.S. Dollar-Japanese Yen,2022/04/14,125.68,125.715,126.005,125.07,125.905,125.905,0.225,25,40,766,381,643
USD/JPY,U.S. Dollar-Japanese Yen,2022/04/15,125.905,125.885,126.7,125.885,126.395,126.395,0.49,30,39,633,380,968
USD/JPY,U.S. Dollar-Japanese Yen,2022/04/18,126.395,126.485,127.015,126.22,126.98,126.98,0.585,24,42,434,379,818
USD/JPY,U.S. Dollar-Japanese Yen,2022/04/19,126.98,126.985,128.98,126.975,128.88,128.88,1.9,22,125,009,378,105
USD/JPY,U.S. Dollar-Japanese Yen,2022/04/20,128.88,128.91,129.425,127.445,127.855,127.855,-1.025,60,149,139,376,609
USD/JPY,U.S. Dollar-Japanese Yen,2022/04/21,127.855,127.96,128.715,127.8,128.35,128.35,0.495,23,55,193,375,294
USD/JPY,U.S. Dollar-Japanese Yen,2022/04/22,128.35,128.385,129.13,127.74,128.555,128.555,0.205,23,59,043,374,782
USD/JPY,U.S. Dollar-Japanese Yen,2022/04/25,128.555,128.77,128.87,127.535,128.115,128.115,-0.44,25,53,322,373,559
USD/JPY,U.S. Dollar-Japanese Yen,2022/04/26,128.115,128.12,128.235,127.015,127.23,127.23,-0.885,100,57,061,373,640
USD/JPY,U.S. Dollar-Japanese Yen,2022/04/27,127.23,127.225,128.6,126.92,128.46,128.415,1.185,124,62,419,377,593
USD/JPY,U.S. Dollar-Japanese Yen,2022/04/28,128.415,128.44,131.27,128.325,130.845,130.845,2.43,,168,737,380,978
USD/JPY,U.S. Dollar-Japanese Yen,2022/04/29,130.845,130.845,130.965,129.325,129.765,129.765,-1.08,128,77,100,376,651
USD/JPY,U.S. Dollar-Japanese Yen,2022/05/02,129.765,130.075,130.49,129.6,130.17,130.17,0.405,,50,064,375,122
USD/JPY,U.S. Dollar-Japanese Yen,2022/05/03,130.17,130.235,130.3,129.7,130.13,130.13,-0.04,,22,236,375,119
USD/JPY,U.S. Dollar-Japanese Yen,2022/05/04,130.13,130.115,130.4,128.625,129.145,129.125,-1.005,,47,890,375,066
USD/JPY,U.S. Dollar-Japanese Yen,2022/05/05,129.125,129.215,130.565,128.745,130.155,130.155,1.03,47,57,994,373,556
USD/JPY,U.S. Dollar-Japanese Yen,2022/05/06,130.155,130.225,130.815,130.085,130.52,130.55,0.395,43,46,730,373,570
USD/JPY,U.S. Dollar-Japanese Yen,2022/05/09,130.55,130.75,131.36,130.095,130.315,130.315,-0.235,41,65,555,373,345
USD/JPY,U.S. Dollar-Japanese Yen,2022/05/10,130.315,130.385,130.59,129.79,130.435,130.435,0.12,44,49,603,373,911
USD/JPY,U.S. Dollar-Japanese Yen,2022/05/11,130.435,130.415,130.815,129.44,130.02,130,-0.435,117,74,451,372,587
USD/JPY,U.S. Dollar-Japanese Yen,2022/05/12,130,129.985,130.06,127.5,128.29,128.29,-1.71,41,89,559,370,334
USD/JPY,U.S. Dollar-Japanese Yen,2022/05/13,128.29,128.395,129.47,128.34,129.34,129.34,1.05,42,45,942,371,513
USD/JPY,U.S. Dollar-Japanese Yen,2022/05/16,129.34,129.445,129.65,128.69,129.12,129.12,-0.22,37,34,569,371,321
USD/JPY,U.S. Dollar-Japanese Yen,2022/05/17,129.12,129.09,129.8,128.825,129.33,129.36,0.24,38,34,349,373,112
USD/JPY,U.S. Dollar-Japanese Yen,2022/05/18,129.36,129.39,129.55,128,128.265,128.265,-1.095,109,44,098,370,113
USD/JPY,U.S. Dollar-Japanese Yen,2022/05/19,128.265,128.315,128.955,127.015,127.81,127.81,-0.455,38,79,272,369,981
USD/JPY,U.S. Dollar-Japanese Yen,2022/05/20,127.81,127.83,128.31,127.515,127.84,127.86,0.05,39,37,704,372,303
USD/JPY,U.S. Dollar-Japanese Yen,2022/05/23,127.86,127.975,128.075,127.145,127.875,127.9,0.04,39,28,757,374,194
USD/JPY,U.S. Dollar-Japanese Yen,2022/05/24,127.9,127.895,128.1,126.35,126.845,126.845,-1.055,39,61,688,370,621
USD/JPY,U.S. Dollar-Japanese Yen,2022/05/25,126.845,126.86,127.505,126.64,127.285,127.285,0.44,157,40,947,375,280
USD/JPY,U.S. Dollar-Japanese Yen,2022/05/26,127.285,127.235,127.6,126.55,127.08,127.08,-0.205,,53,485,373,950
USD/JPY,U.S. Dollar-Japanese Yen,2022/05/27,127.08,127.145,127.26,126.665,127.12,127.12,0.04,49,28,716,374,704
USD/JPY,U.S. Dollar-Japanese Yen,2022/05/30,127.12,127.155,127.835,126.855,127.585,127.585,0.465,43,23,140,376,804
USD/JPY,U.S. Dollar-Japanese Yen,2022/05/31,127.585,127.615,128.9,127.545,128.69,128.69,1.105,38,69,801,378,480
USD/JPY,U.S. Dollar-Japanese Yen,2022/06/01,128.69,128.68,130.2,128.635,130.14,130.14,1.45,113,77,389,380,673
USD/JPY,U.S. Dollar-Japanese Yen,2022/06/02,130.14,130.16,130.255,129.5,129.88,129.855,-0.285,41,49,477,381,570
USD/JPY,U.S. Dollar-Japanese Yen,2022/06/03,129.855,129.89,131,129.67,130.87,130.87,1.015,43,75,855,384,212
USD/JPY,U.S. Dollar-Japanese Yen,2022/06/06,130.87,130.92,132.015,130.415,131.92,131.92,1.05,40,83,917,385,292
USD/JPY,U.S. Dollar-Japanese Yen,2022/06/07,131.92,131.925,133.01,131.88,132.655,132.655,0.735,39,109,949,384,408
USD/JPY,U.S. Dollar-Japanese Yen,2022/06/08,132.655,132.62,134.485,132.59,134.265,134.265,1.61,116,122,482,383,595
USD/JPY,U.S. Dollar-Japanese Yen,2022/06/09,134.265,134.26,134.565,133.185,134.39,134.39,0.125,41,87,590,383,305
USD/JPY,U.S. Dollar-Japanese Yen,2022/06/10,134.39,134.375,134.485,133.355,134.395,134.395,0.005,43,64,712,383,790
USD/JPY,U.S. Dollar-Japanese Yen,2022/06/13,134.395,134.615,135.23,133.58,134.42,134.45,0.055,42,103,523,383,197
USD/JPY,U.S. Dollar-Japanese Yen,2022/06/14,134.45,134.435,135.48,133.86,135.43,135.43,0.98,70,71,980,384,470
USD/JPY,U.S. Dollar-Japanese Yen,2022/06/15,135.43,135.505,135.605,133.49,133.835,133.835,-1.595,303,120,479,381,336
USD/JPY,U.S. Dollar-Japanese Yen,2022/06/16,133.835,133.89,134.69,131.48,132.205,132.205,-1.63,,136,270,376,652
USD/JPY,U.S. Dollar-Japanese Yen,2022/06/17,132.205,132.285,135.44,132.175,134.94,134.99,2.785,81,141,246,380,394
USD/JPY,U.S. Dollar-Japanese Yen,2022/06/20,134.99,135.205,135.46,134.515,135.08,135.08,0.09,82,58,017,380,295
USD/JPY,U.S. Dollar-Japanese Yen,2022/06/21,135.08,135.1,136.71,134.935,136.685,136.685,1.605,80,79,953,381,920
USD/JPY,U.S. Dollar-Japanese Yen,2022/06/22,136.685,136.69,136.73,135.685,136.23,136.23,-0.455,225,67,012,379,949
USD/JPY,U.S. Dollar-Japanese Yen,2022/06/23,136.23,136.17,136.21,134.25,134.96,134.96,-1.27,73,93,689,375,887
USD/JPY,U.S. Dollar-Japanese Yen,2022/06/24,134.96,134.975,135.405,134.34,135.225,135.2,0.24,75,40,490,376,144
USD/JPY,U.S. Dollar-Japanese Yen,2022/06/27,135.2,135.16,135.555,134.51,135.465,135.465,0.265,76,28,999,376,254
USD/JPY,U.S. Dollar-Japanese Yen,2022/06/28,135.465,135.47,136.4,135.095,136.15,136.15,0.685,127,46,093,379,614
USD/JPY,U.S. Dollar-Japanese Yen,2022/06/29,136.15,136.18,137.015,135.73,136.58,136.58,0.43,298,74,329,380,910
USD/JPY,U.S. Dollar-Japanese Yen,2022/06/30,136.58,136.545,136.82,135.54,135.77,135.77,-0.81,,47,869,377,771
USD/JPY,U.S. Dollar-Japanese Yen,2022/07/01,135.77,135.765,136,134.75,135.295,135.295,-0.475,81,66,568,371,005
USD/JPY,U.S. Dollar-Japanese Yen,2022/07/04,135.295,135.29,135.785,134.775,135.69,135.69,0.395,87,29,845,370,837
USD/JPY,U.S. Dollar-Japanese Yen,2022/07/05,135.69,135.66,136.365,135.535,135.89,135.89,0.2,71,46,636,371,215
USD/JPY,U.S. Dollar-Japanese Yen,2022/07/06,135.89,135.83,136.005,134.95,135.94,135.94,0.05,206,43,865,370,591
USD/JPY,U.S. Dollar-Japanese Yen,2022/07/07,135.94,135.915,136.23,135.55,136.02,136,0.06,69,33,386,371,721
USD/JPY,U.S. Dollar-Japanese Yen,2022/07/08,136,136.01,136.575,135.325,136.05,136.05,0.05,75,54,773,372,411
USD/JPY,U.S. Dollar-Japanese Yen,2022/07/11,136.05,136.145,137.765,136.105,137.425,137.425,1.375,70,75,012,376,859
USD/JPY,U.S. Dollar-Japanese Yen,2022/07/12,137.425,137.455,137.54,136.465,136.845,136.845,-0.58,70,39,354,374,493
USD/JPY,U.S. Dollar-Japanese Yen,2022/07/13,136.845,136.85,137.875,136.68,137.45,137.45,0.605,271,57,293,375,311
USD/JPY,U.S. Dollar-Japanese Yen,2022/07/14,137.45,137.44,139.405,137.325,138.95,138.95,1.5,76,125,175,378,107
USD/JPY,U.S. Dollar-Japanese Yen,2022/07/15,138.95,138.965,139.145,138.38,138.525,138.545,-0.405,,54,911,375,956
USD/JPY,U.S. Dollar-Japanese Yen,2022/07/18,138.545,138.525,138.555,137.88,138.15,138.15,-0.395,71,41,596,373,620
USD/JPY,U.S. Dollar-Japanese Yen,2022/07/19,138.15,138.145,138.405,137.37,138.205,138.185,0.035,70,41,227,371,427
USD/JPY,U.S. Dollar-Japanese Yen,2022/07/20,138.185,138.155,138.385,137.89,138.27,138.27,0.085,202,13,875,372,037
USD/JPY,U.S. Dollar-Japanese Yen,2022/07/21,138.27,138.235,138.89,137.32,137.35,137.35,-0.92,70,55,941,369,981
USD/JPY,U.S. Dollar-Japanese Yen,2022/07/22,137.35,137.39,137.96,135.55,136.015,135.995,-1.355,75,101,715,366,944
USD/JPY,U.S. Dollar-Japanese Yen,2022/07/25,135.995,136.185,136.8,135.875,136.67,136.67,0.675,73,31,411,367,458
USD/JPY,U.S. Dollar-Japanese Yen,2022/07/26,136.67,136.68,136.965,136.285,136.965,136.965,0.295,100,20,955,368,295
USD/JPY,U.S. Dollar-Japanese Yen,2022/07/27,136.965,136.9,137.465,136.35,136.625,136.625,-0.34,307,44,733,368,482
USD/JPY,U.S. Dollar-Japanese Yen,2022/07/28,136.625,136.6,136.61,134.19,134.245,134.22,-2.405,100,128,233,366,001
USD/JPY,U.S. Dollar-Japanese Yen,2022/07/29,134.22,134.35,134.685,132.495,133.375,133.345,-0.875,97,107,472,366,846
USD/JPY,U.S. Dollar-Japanese Yen,2022/08/01,133.345,133.32,133.58,131.59,131.635,131.615,-1.73,93,81,861,368,095
USD/JPY,U.S. Dollar-Japanese Yen,2022/08/02,131.615,131.67,133.17,130.37,133.12,133.12,1.505,93,79,731,368,970
USD/JPY,U.S. Dollar-Japanese Yen,2022/08/03,133.12,133.19,134.555,132.28,133.895,133.895,0.775,277,92,163,372,949
USD/JPY,U.S. Dollar-Japanese Yen,2022/08/04,133.895,133.87,134.43,132.77,132.975,132.975,-0.92,93,49,376,369,934
USD/JPY,U.S. Dollar-Japanese Yen,2022/08/05,132.975,132.99,135.515,132.5,135.03,135.03,2.055,96,103,024,373,077
USD/JPY,U.S. Dollar-Japanese Yen,2022/08/08,135.03,135.325,135.6,134.35,134.995,134.995,-0.035,195,37,262,372,066
USD/JPY,U.S. Dollar-Japanese Yen,2022/08/09,134.995,134.975,135.215,134.675,135.135,135.16,0.165,282,15,854,372,845
USD/JPY,U.S. Dollar-Japanese Yen,2022/08/10,135.16,135.155,135.3,132.025,132.895,132.895,-2.265,,74,951,369,909
USD/JPY,U.S. Dollar-Japanese Yen,2022/08/11,132.895,132.91,133.325,131.715,133,133,0.105,97,63,746,370,492
USD/JPY,U.S. Dollar-Japanese Yen,2022/08/12,133,133.03,133.9,132.875,133.45,133.49,0.49,95,33,289,370,878
USD/JPY,U.S. Dollar-Japanese Yen,2022/08/15,133.49,133.52,133.6,132.54,133.28,133.305,-0.185,93,52,122,367,653
USD/JPY,U.S. Dollar-Japanese Yen,2022/08/16,133.305,133.305,134.7,132.945,134.275,134.24,0.935,93,40,160,371,347
USD/JPY,U.S. Dollar-Japanese Yen,2022/08/17,134.24,134.25,135.51,133.9,135.105,135.105,0.865,276,48,364,374,558
USD/JPY,U.S. Dollar-Japanese Yen,2022/08/18,135.105,135.13,135.915,134.635,135.9,135.9,0.795,97,36,743,376,412
USD/JPY,U.S. Dollar-Japanese Yen,2022/08/19,135.9,135.9,137.24,135.7,136.8,136.8,0.9,100,81,285,379,671
USD/JPY,U.S. Dollar-Japanese Yen,2022/08/22,136.8,136.9,137.665,136.685,137.54,137.54,0.74,97,39,127,381,632
USD/JPY,U.S. Dollar-Japanese Yen,2022/08/23,137.54,137.52,137.725,135.795,136.725,136.75,-0.79,94,60,622,378,878
USD/JPY,U.S. Dollar-Japanese Yen,2022/08/24,136.75,136.72,137.24,136.16,137.135,137.135,0.385,286,33,951,379,173
USD/JPY,U.S. Dollar-Japanese Yen,2022/08/25,137.135,137.13,137.195,136.32,136.525,136.5,-0.635,98,39,124,378,817
USD/JPY,U.S. Dollar-Japanese Yen,2022/08/26,136.5,136.515,137.5,136.165,137.47,137.45,0.95,101,48,320,381,111
USD/JPY,U.S. Dollar-Japanese Yen,2022/08/29,137.45,137.83,139.01,137.75,138.745,138.745,1.295,104,79,699,382,553
USD/JPY,U.S. Dollar-Japanese Yen,2022/08/30,138.745,138.7,139.085,138.04,138.79,138.79,0.045,100,45,706,383,387
USD/JPY,U.S. Dollar-Japanese Yen,2022/08/31,138.79,138.75,139.005,138.275,138.94,138.96,0.17,380,33,585,383,484
USD/JPY,U.S. Dollar-Japanese Yen,2022/09/01,138.96,139.065,140.245,139,140.22,140.22,1.26,,88,705,386,586
USD/JPY,U.S. Dollar-Japanese Yen,2022/09/02,140.22,140.23,140.815,139.875,140.225,140.25,0.03,101,74,670,385,243
USD/JPY,U.S. Dollar-Japanese Yen,2022/09/05,140.25,140.17,140.67,140.105,140.59,140.59,0.34,101,22,371,385,161
USD/JPY,U.S. Dollar-Japanese Yen,2022/09/06,140.59,140.6,143.095,140.24,142.77,142.8,2.21,104,106,697,386,704
USD/JPY,U.S. Dollar-Japanese Yen,2022/09/07,142.8,142.795,145.01,142.755,143.78,143.78,0.98,307,144,681,382,623
USD/JPY,U.S. Dollar-Japanese Yen,2022/09/08,143.78,143.77,144.555,143.315,144.1,144.1,0.32,105,74,933,382,118
USD/JPY,U.S. Dollar-Japanese Yen,2022/09/09,144.1,144.09,144.14,141.49,142.705,142.705,-1.395,102,112,999,380,458
USD/JPY,U.S. Dollar-Japanese Yen,2022/09/12,142.705,142.49,143.505,142.165,142.85,142.85,0.145,102,52,852,379,335
USD/JPY,U.S. Dollar-Japanese Yen,2022/09/13,142.85,142.805,144.7,141.48,144.52,144.52,1.67,103,98,922,380,077
USD/JPY,U.S. Dollar-Japanese Yen,2022/09/14,144.52,144.685,144.975,142.555,143.165,143.165,-1.355,400,106,046,378,509
USD/JPY,U.S. Dollar-Japanese Yen,2022/09/15,143.165,143.19,143.815,142.56,143.5,143.48,0.315,101,53,981,381,295
USD/JPY,U.S. Dollar-Japanese Yen,2022/09/16,143.48,143.505,143.7,142.835,142.915,142.915,-0.565,,38,465,378,234
USD/JPY,U.S. Dollar-Japanese Yen,2022/09/19,142.915,143.075,143.66,142.63,143.22,143.22,0.305,103,31,203,377,927
USD/JPY,U.S. Dollar-Japanese Yen,2022/09/20,143.22,143.245,143.93,142.93,143.755,143.755,0.535,530,40,781,378,541
USD/JPY,U.S. Dollar-Japanese Yen,2022/09/21,143.755,143.705,144.755,143.34,144.025,144.025,0.27,141,65,742,378,312
USD/JPY,U.S. Dollar-Japanese Yen,2022/09/22,144.025,144.09,145.92,140.33,142.415,142.415,-1.61,,299,808,375,697
USD/JPY,U.S. Dollar-Japanese Yen,2022/09/23,142.415,142.385,143.47,141.75,143.27,143.295,0.88,138,58,325,377,853
USD/JPY,U.S. Dollar-Japanese Yen,2022/09/26,143.295,143.46,144.8,143.26,144.715,144.715,1.42,133,82,885,378,480
USD/JPY,U.S. Dollar-Japanese Yen,2022/09/27,144.715,144.735,144.91,144.065,144.865,144.865,0.15,130,37,818,379,543
USD/JPY,U.S. Dollar-Japanese Yen,2022/09/28,144.865,144.815,144.88,143.895,144.14,144.14,-0.725,421,45,123,378,431
USD/JPY,U.S. Dollar-Japanese Yen,2022/09/29,144.14,144.14,144.81,144.055,144.475,144.45,0.31,137,41,598,378,054
USD/JPY,U.S. Dollar-Japanese Yen,2022/09/30,144.45,144.505,144.87,144.2,144.73,144.73,0.28,140,37,917,378,450
USD/JPY,U.S. Dollar-Japanese Yen,2022/10/03,144.73,144.67,145.31,144.145,144.55,144.55,-0.18,135,54,347,378,639
USD/JPY,U.S. Dollar-Japanese Yen,2022/10/04,144.55,144.65,144.95,143.88,144.15,144.15,-0.4,136,46,820,376,197
USD/JPY,U.S. Dollar-Japanese Yen,2022/10/05,144.15,144.23,144.86,143.515,144.68,144.68,0.53,529,52,900,377,052
USD/JPY,U.S. Dollar-Japanese Yen,2022/10/06,144.68,144.65,145.155,144.38,145.115,145.115,0.435,132,25,811,382,150
USD/JPY,U.S. Dollar-Japanese Yen,2022/10/07,145.115,145.09,145.455,144.3,145.345,145.345,0.23,,48,556,384,772
USD/JPY,U.S. Dollar-Japanese Yen,2022/10/10,145.345,145.39,145.82,145.225,145.74,145.74,0.395,135,26,771,386,431
USD/JPY,U.S. Dollar-Japanese Yen,2022/10/11,145.74,145.735,145.91,145.415,145.87,145.85,0.11,135,27,217,387,135
USD/JPY,U.S. Dollar-Japanese Yen,2022/10/12,145.85,145.84,146.985,145.52,146.935,146.935,1.085,404,64,984,392,305
USD/JPY,U.S. Dollar-Japanese Yen,2022/10/13,146.935,146.91,147.69,146.395,147.205,147.205,0.27,136,85,339,390,350
USD/JPY,U.S. Dollar-Japanese Yen,2022/10/14,147.205,147.22,148.875,147.075,148.635,148.635,1.43,138,68,749,394,253
USD/JPY,U.S. Dollar-Japanese Yen,2022/10/17,148.635,148.61,149.105,148.415,149.01,149.01,0.375,138,37,226,393,317
USD/JPY,U.S. Dollar-Japanese Yen,2022/10/18,149.01,148.995,149.405,147.73,149.26,149.26,0.25,137,58,264,391,245
USD/JPY,U.S. Dollar-Japanese Yen,2022/10/19,149.26,149.23,149.92,149.11,149.92,149.9,0.64,409,37,773,392,583
USD/JPY,U.S. Dollar-Japanese Yen,2022/10/20,149.9,149.88,150.3,149.54,150.165,150.165,0.265,144,53,573,393,038
USD/JPY,U.S. Dollar-Japanese Yen,2022/10/21,150.165,150.115,151.955,146.06,147.65,147.65,-2.515,142,349,861,390,143
USD/JPY,U.S. Dollar-Japanese Yen,2022/10/24,147.65,148.615,149.7,145.3,149.005,149.005,1.355,132,185,069,378,997
USD/JPY,U.S. Dollar-Japanese Yen,2022/10/25,149.005,149.075,149.115,147.5,147.905,147.94,-1.065,132,71,645,378,667
USD/JPY,U.S. Dollar-Japanese Yen,2022/10/26,147.94,148.075,148.42,146.215,146.39,146.39,-1.55,386,98,409,379,996
USD/JPY,U.S. Dollar-Japanese Yen,2022/10/27,146.39,146.395,146.945,145.1,146.275,146.275,-0.115,137,98,052,379,822
USD/JPY,U.S. Dollar-Japanese Yen,2022/10/28,146.275,146.32,147.875,145.9,147.4,147.425,1.15,137,70,945,380,783